experience,testscore,interviewscore,salary
5,8,9,67870.78205637156
3,7,7,239007.74116712995
4,6,6,264365.12504962296
7,7,5,437442.9667857616
11,5,10,-355363.83485510095
10,9,8,222323.8388249306
8,10,0,1266860.4274182874
2,9,5,650350.1720259361
6,11,7,543761.0493582109
1,4,11,-463254.9292047103
